QCODE;MPN;MANUFACTURER;;;;
6010-102510-000;FGH40T120SMD_F155;FAIRCHILD SEMICONDUCTOR;;;;
6010-102511-000;STGW80H65DFB;ST MICROELECTRONICS;;;;
6010-102513-000;R46KR447050P1M;KEMET;;;;
6010-102543-000;MS35 10018;AMETHERM;;;;
6010-102745-000;FGH40T120SMD;ON|FAIRCHILD SEMICONDUCTOR;;;;
6010-102833-000;ALC10C1094EJ;KEMET;;;;
6010-103050-000;39500-0005;;;;;
6010-103211-000;B41790A7398Q1;EPCOS / TDK  ;;;;
6010-103212-000;C3D1P7060Q;CREE WOLFSPEED;;;;
6010-103214-000;IRF7769L1TRPBF;INFINEON;;;;
6010-103215-000;760895731;WURTH ELECTRONICS;;;;
6010-103237-000;G6DN-1A DC5;;;;;
6010-103245-000;0213002.MXP;;;;;
6010-103246-000;02133.15MXP;;;;;
6010-103248-000;AZ2150-1C-12DE;AMERICAN ZETTLER;;;;
6010-103274-000;CC0603KRX7R9BB104;;;;;
6010-103275-000;CC0603KRX7R8BB105;;;;;
6010-103278-000;RC0603FR-0710KL;YAGEO;;;;
6010-103337-000;P0582NL;PULSE;;;;
6010-103338-000;NXE1S0305MC-R7;MURATA;;;;
6010-103449-000;STM32F723ZET6;ST MICROELECTRONICS;;;;
6010-103610-000;MCP16312-E/MS;MICROCHIP;;;;
6010-103622-000;NSI45020T1G;ONSEMI;;;;
6010-103623-000;SDM2U30CSP-7;DIODES INCORPORATED;;;;
6010-103624-000;AMC1200SDUBR;TEXAS INSTRUMENTS;;;;
6010-103625-000;ISO1050DUBR;TEXAS INSTRUMENTS;;;;
6010-103626-000;LT3580EDD#PBF;ANALOG DEVICES;;;;
6010-103627-000;MAX15062BATA+T;MAXIM INTEGRATED;;;;
6010-103628-000;MAX44251AKA+T;MAXIM INTEGRATED;;;;
6010-103629-000;MM3Z3V3ST1G;ONSEMI;;;;
6010-103630-000;REF1933AIDDCT;TEXAS INSTRUMENTS;;;;
6010-103631-000;REF3033AIDBZR;TEXAS INSTRUMENTS;;;;
6010-103632-000;SI2333DDS-T1-GE3;VISHAY SEMICONDUCTORS;;;;
6010-103633-000;SI8621AB-B-IS;SKYWORKS SOLUTIONS;;;;
6010-103634-000;GT025N06D5;GOFORD SEMICONDUCTOR;;;;
6010-103640-000;EEE-HDV470XAP;;;;;
6010-103665-000;G6DN-1A DC12;;;;;
6010-103672-000;1594540000;;;;;
6010-103674-000;1984989;;;;;
6010-103676-000;796692-2;;;;;
6010-103686-000;IRLML6344TRPBF;;;;;
6010-103702-000;TPS61170DRVR;;;;;
6010-103703-000;LM5166DRCT;;;;;
6010-103704-000;LMR23610ADDA;;;;;
6010-103705-000;TMS320F28035PAGS;;;;;
6010-103706-000;ISO7321FCDR;;;;;
6010-103707-000;ST3232BTR;;;;;
6010-103709-000;TLV2314IDGKT;;;;;
6010-103710-000;ACS722LLCTR-05AB-T;;;;;
6010-103711-000;OPA2170AIDGKR;;;;;
6010-103712-000;LMR23625CDDAR;;;;;
6010-103741-000;W2A4YC103KAT2A;KYOCERA AVX;;;;
6010-103742-000;CRA2512FZR020ELF;BOURNS INC.;;;;
6010-103743-000;CRE2512-FZ-R001E-3;BOURNS INC.;;;;
6010-103744-000;ERJ3EKF1001V;PANASONIC ELECTRONIC COMPONENTS;;;;
6010-103745-000;CRCW06031M00FKEA;VISHAY DALE;;;;
6010-103746-000;ERA-3AEB202V;PANASONIC ELECTRONIC COMPONENTS;;;;
6010-103747-000;MMZ1608S202ATA00;TDK CORPORATION;;;;
6010-103748-000;ERJ-3EKF2741V;PANASONIC ELECTRONIC COMPONENTS;;;;
6010-103749-000;CRCW06032K00FKEA;VISHAY DALE;;;;
6010-103750-000;CRCW06033K74FKEA;VISHAY DALE;;;;
6010-103751-000;RC0603JR-073R3L;YAGEO;;;;
6010-103752-000;ERA-3AEB332V;PANASONIC ELECTRONIC COMPONENTS;;;;
6010-103753-000;ERJ-3EKF4301V;PANASONIC ELECTRONIC COMPONENTS;;;;
6010-103754-000;ERJ-3EKF4991V;PANASONIC ELECTRONIC COMPONENTS;;;;
6010-103755-000;CRGS0805J4R7;TE CONNECTIVITY;;;;
6010-103756-000;JMK107BB7475KA-T;TAIYO YUDEN;;;;
6010-103757-000;ERJ-M1WSF6M0U;PANASONIC ELECTRONIC COMPONENTS;;;;
6010-103758-000;RC0603FR-076K19L;YAGEO;;;;
6010-103759-000;RC0603FR-077K5L;YAGEO;;;;
6010-103760-000;ERJ-14YJ7R5U;PANASONIC ELECTRONIC COMPONENTS;;;;
6010-103761-000;NTCG163JF103FT1;TDK CORPORATION;;;;
6010-103762-000;ERJ3EKF10R0V;PANASONIC ELECTRONIC COMPONENTS;;;;
6010-103763-000;RC0603FR-0712K7L;YAGEO;;;;
6010-103764-000;ERJ-P6WJ150V;PANASONIC ELECTRONIC COMPONENTS;;;;
6010-103765-000;ERJ-3EKF1502V;PANASONIC ELECTRONIC COMPONENTS;;;;
6010-103766-000;ERJ-3EKF2002V;PANASONIC ELECTRONIC COMPONENTS;;;;
6010-103767-000;ERJ-3EKF20R0V;PANASONIC ELECTRONIC COMPONENTS;;;;
6010-103768-000;RC0603FR-0722KL;YAGEO;;;;
6010-103769-000;CRCW060324K0FKEA;VISHAY DALE;;;;
6010-103770-000;ERJ-3EKF30R1V;PANASONIC ELECTRONIC COMPONENTS;;;;
6010-103771-000;ERJ-3EKF3162V;PANASONIC ELECTRONIC COMPONENTS;;;;
6010-103772-000;CRCW060332K4FKEA;VISHAY DALE;;;;
6010-103773-000;ERJ-3EKF4322V;PANASONIC ELECTRONIC COMPONENTS;;;;
6010-103774-000;RC0603FR-0751RL;YAGEO;;;;
6010-103775-000;ERJ-3EKF5232V;PANASONIC ELECTRONIC COMPONENTS;;;;
6010-103776-000;ERJ-3EKF69R8V;PANASONIC ELECTRONIC COMPONENTS;;;;
6010-103777-000;74HC132PW,118;NXP SEMICONDUCTORS;;;;
6010-103778-000;RC0603FR-0775KL;YAGEO;;;;
6010-103779-000;ERJ-3EKF1003V;PANASONIC ELECTRONIC COMPONENTS;;;;
6010-103780-000;RT0603BRD07100KL;YAGEO;;;;
6010-103781-000;ERJ-3EKF1200V;PANASONIC ELECTRONIC COMPONENTS;;;;
6010-103782-000;ERJ-3EKF1503V;PANASONIC ELECTRONIC COMPONENTS;;;;
6010-103783-000;RT0603BRD07160KL;YAGEO;;;;
6010-103784-000;CR0603-FX-1653ELF;BOURNS INC.;;;;
6010-103785-000;CR0603-FX-2003ELF;BOURNS INC.;;;;
6010-103786-000;RC0603JR-13220RL;YAGEO;;;;
6010-103787-000;RC0603FR-07330RL;YAGEO;;;;
6010-103788-000;BLM31KN471SH1L;MURATA ELECTRONICS;;;;
6010-103789-000;RC0603FR-07475RL;YAGEO;;;;
6010-103790-000;ERJ-3EKF5490V;PANASONIC ELECTRONIC COMPONENTS;;;;
6010-103791-000;EEU-FR1V561;PANASONIC ELECTRONIC COMPONENTS;;;;
6010-103792-000;CRCW0603619RFKEA;VISHAY DALE;;;;
6010-103793-000;150060SS75000;WÜRTH ELEKTRONIK;;;;
6010-103794-000;150060VS75000;WÜRTH ELEKTRONIK;;;;
6010-103795-000;61300211121;WÜRTH ELEKTRONIK;;;;
6010-103796-000;1702473;PHOENIX CONTACT;;;;
6010-103797-000;7466104;WÜRTH ELEKTRONIK;;;;
6010-103798-000;7466105R;WÜRTH ELEKTRONIK;;;;
6010-103799-000;20021521-00010T1LF;AMPHENOL ICC (FCI);;;;
6010-103801-000;60900213521;WÜRTH ELEKTRONIK;;;;
6010-103802-000;74404054047;WÜRTH ELEKTRONIK;;;;
6010-103803-000;74404054150;WÜRTH ELEKTRONIK;;;;
6010-103804-000;74404054220;WÜRTH ELEKTRONIK;;;;
6010-103805-000;74404064470;WÜRTH ELEKTRONIK;;;;
6010-103806-000;4,34E+11;WÜRTH ELEKTRONIK;;;;
6010-103807-000;ACS781LLRTR-100B-T;ALLEGRO MICROSYSTEMS;;;;
6010-103810-000;BLM18PG331SN1D;MURATA ELECTRONICS;;;;
6010-103812-000;8,85012E+11;WÜRTH ELEKTRONIK;;;;
6010-103813-000;8,85342E+11;WÜRTH ELEKTRONIK;;;;
6010-103814-000;8,85012E+11;WÜRTH ELEKTRONIK;;;;
6010-103815-000;8,85012E+11;WÜRTH ELEKTRONIK;;;;
6010-103816-000;8,85012E+11;WÜRTH ELEKTRONIK;;;;
6010-103817-000;8,85012E+11;WÜRTH ELEKTRONIK;;;;
6010-103818-000;CGA5F4NP02J392J085AA;TDK CORPORATION;;;;
6010-103819-000;TMK212AB7475KG-T;TAIYO YUDEN;;;;
6010-103820-000;8,85012E+11;WÜRTH ELEKTRONIK;;;;
6010-103821-000;8,85012E+11;WÜRTH ELEKTRONIK;;;;
6010-103822-000;8,85012E+11;WÜRTH ELEKTRONIK;;;;
6010-103823-000;8,85012E+11;WÜRTH ELEKTRONIK;;;;
6010-103824-000;8,85012E+11;WÜRTH ELEKTRONIK;;;;
6010-103825-000;C0603C563K5RACTU;KEMET;;;;
6010-103826-000;8,85012E+11;WÜRTH ELEKTRONIK;;;;
6010-103827-000;8,85012E+11;WÜRTH ELEKTRONIK;;;;
6010-103828-000;8,85012E+11;WÜRTH ELEKTRONIK;;;;
6010-103829-000;8,85012E+11;WÜRTH ELEKTRONIK;;;;
6010-103830-000;C1608X7R1H474K080AC;TDK CORPORATION;;;;
6010-103831-000;8,85E+11;WÜRTH ELEKTRONIK;;;;
6010-103832-000;CD1408-FU1600;BOURNS INC.;;;;
6010-103833-000;CLV4053ATPWRG4Q1;TEXAS INSTRUMENTS;;;;
6010-103834-000;CRE2512-FZ-R001E-2;BOURNS INC.;;;;
6010-103835-000;ERA-3AEB1432V;PANASONIC ELECTRONIC COMPONENTS;;;;
6010-103836-000;ERA-3AEB2491V;PANASONIC ELECTRONIC COMPONENTS;;;;
6010-103837-000;ERA-3AEB2941V;PANASONIC ELECTRONIC COMPONENTS;;;;
6010-103838-000;ERA-3AEB5760V;PANASONIC ELECTRONIC COMPONENTS;;;;
6010-103839-000;ERA-3AEB7872V;PANASONIC ELECTRONIC COMPONENTS;;;;
6010-103840-000;FAN7688SJX;ONSEMI;;;;
6010-103841-000;FCB110N65F;ONSEMI;;;;
6010-103842-000;HV732BTTD1004D;KOA SPEER ELECTRONICS, INC.;;;;
6010-103843-000;HV733ATTE226J;KOA SPEER ELECTRONICS, INC.;;;;
6010-103846-000;IRLML0030TRPBF;INFINEON TECHNOLOGIES;;;;
6010-103847-000;RC0603JR-070RL;YAGEO;;;;
6010-103848-000;KTR25JZPF4703;ROHM SEMICONDUCTOR;;;;
6010-103850-000;LTC4368HDD-1#PBF;ANALOG DEVICES;;;;
6010-103851-000;LVM2P-015R10431;LITTELFUSE INC.;;;;
6010-103852-000;M95M01-RMN6P;STMICROELECTRONICS;;;;
6010-103852-000;M95M01-RMN6P;;;;;
6010-103854-000;MAX13256ATB+T;ANALOG DEVICES;;;;
6010-103855-000;MC33060ADG;ONSEMI;;;;
6010-103859-000;NC7WZ14EP6X;ONSEMI;;;;
6010-103860-000;NCX2220DP,125;NXP USA INC.;;;;
6010-103861-000;NVMFD5C650NLT1G;ONSEMI;;;;
6010-103863-000;NVMFS5C604NLAFT1G;ONSEMI;;;;
6010-103864-000;D1213A-02SR-7;DIODES INCORPORATED;;;;
6010-103866-000;BAT54JFILM;;;;;
6010-103869-000;BAT54SWT1G;ONSEMI;;;;
6010-103871-000;OPA2378AIDCNR;TEXAS INSTRUMENTS;;;;
6010-103876-000;P0585NL;PULSE ELECTRONICS POWER;;;;
6010-103878-000;PHE850EA4470MA03R17;KEMET;;;;
6010-103879-000;PHE850EB5220MB06R17;KEMET;;;;
6010-103881-000;PMEG6010CEH,115;NXP SEMICONDUCTORS;;;;
6010-103885-000;RCL12254R70JNEG;VISHAY DALE;;;;
6010-103887-000;6,15008E+11;WÜRTH ELEKTRONIK;;;;
6010-103891-000;SI8238BB-D-IS1;SKYWORKS SOLUTIONS INC.;;;;
6010-103895-000;824500161;WÜRTH ELEKTRONIK;;;;
6010-103896-000;824500171;WÜRTH ELEKTRONIK;;;;
6010-103897-000;SRN1060-470M;;;;;
6010-103898-000;824501901;WÜRTH ELEKTRONIK;;;;
6010-103900-000;SMBJ400CA;LITTELFUSE;;;;
6010-103903-000;TMUX1574RSVR;TEXAS INSTRUMENTS;;;;
6010-103907-000;39501-1005;;;;;
6010-103908-000;TPS60403DBVR;TEXAS INSTRUMENTS;;;;
6010-103910-000;TPS389001QDSERQ1;TEXAS INSTRUMENTS;;;;
6010-103911-000;TZMC18-GS08;VISHAY DALE;;;;
6010-103913-000;SI-46001-F;;;;;
6010-103919-000;IRLML0060TRPbF;;;;;
6010-103920-000;RC0603FR-07100RL;YAGEO;;;;
6010-103941-000;RC0603FR-0747RL;YAGEO;;;;
6010-103953-000;TMS320F28069PZT;;;;;
6010-103954-000;W25Q16JVZPIQ;;;;;
6010-103955-000;25AA02E48T-I/OT;;;;;
6010-103956-000;ROE-0505S;;;;;
6010-103957-000;OPA170AIDBVT;;;;;
6010-103958-000;TLV61046ADBVR;;;;;
6010-103959-000;LPS25HBTR;;;;;
6010-103960-000;N01S830HAT22I;;;;;
6010-103961-000;ENC28J60T-I/SS;;;;;
6010-103962-000;LMV771MG/NOPB;;;;;
6010-103963-000;MOC207M;;;;;
6010-103964-000;SN74AUP2G08DCUR;;;;;
6010-103965-000;AD8630ARUZ;;;;;
6010-103967-000;ADS1118IRUGR;;;;;
6010-103969-000;ISO7221ADR;;;;;
6010-103970-000;TC77-3.3MCTTR;;;;;
6010-103971-000;LM3671MF-3.3/NOPB;;;;;
6010-103972-000;LM46001PWPT;;;;;
6010-103973-000;TSX-3225 20.0000MF20G-AC3;EPSON;;;;
6010-103974-000;7M-25.000MAAJ-T;;;;;
6010-104051-000;KSZ8794CNXCC;;;;;
6010-104052-000;MAX14906ATM+;;;;;
6010-104053-000;STM32F746ZGT6;;;;;
6010-103717-000;CKCL44X7R1E103M085AA;;;;;