OPT1;OPT2;OPT3;OPT4;OPT5;OPT6
ACML-0603-202-T;MMZ1608S202ATA00;;;;
RC0603FR-072K74L;ERJ-3EKF2741V;;;;
ERA-3AEB332V;RT0603BRD073K3L;;;;
ERJ-3EKF4301V;RC0603FR-074K3L;;;;
CRE2512-FZ-R006E-3;ERJ-M1WSF6M0U;;;;
ERJ3EKF10R0V;CR0603-FX-10R0ELF;;;;
CRGS0805J15R;ERJ-P6WJ150V;ESR10EZPJ150;;;
CRCW060331K6FKEAC;ERJ-3EKF3162V;CRCW060331K6FKEA;;;
CRCW060332K4FKEA;RC0603FR-0732K4L;;;;
SN74HC132QPWRG4Q1;74HC132PW,118;;;;
CRCW0603100RFKEA;RC0603FR-0752K3L;RC0603FR-07100RL;ERJ-3EKF5232V;;
C1206C392J1GACTU;C1206C392J1GAC7800;CGA5F4NP02J392J085AA;;;
CLV4053ATPWRG4Q1;SN74LV4053A-Q1;;;;
RG1608P-2491-B-T5;ERA-3AEB2491V;;;;
ERA-3AEB7872V;ERJ-PB3B7872V;;;;
LTC4368HDD-1#PBF;LTC4368IMS-1#PBF;;;;
NC7WZ14EP6X;SN74LVC2G14DCKT;;;;
REF3033AIDBZR;REF3033AIDBZRQ1;;;;
TPS389012QDSERQ1;TPS389001QDSERQ1;;;;
HV733ATTE226J;HV733ATTE1805F;;;;
LTR100JZPF4R70;RCL12254R70JNEG;;;;
B32652A7223J000;PHE850EB5220MB06R;;;;
SL32 10015;MS35-10018;SL32 10015-B;;;
NCX2220DP125;TC75W57FU,LF;;;;
NVMFD5C650NLT1GOSDKR-ND;GT090NO6D52;NVMFD5C650NLT1G;NVMFD5C650NLWFT1G;;
NVMFS5C604NLAFT1G;GT025N06D5;NVMFS5C604NLWFAFT1G;;;
CRA2512FZR020ELF;RL2512FK-070R02L;;;;
RC0603FR-071KL;ERJ3EKF1001V;;;;
ERJ-3EKF1004V;CRCW06031M00FKEA;;;;
RT0603BRD072KL;ERA-3AEB202V;;;;
RC0603FR-072KL;CRCW06032K00FKEA;;;;
CRCW06033K74FKEA;RK73H1JTTD3741F;;;;
RC0603JR-073R3L;ERJ-3GEYJ3R3V;;;;
CRCW06034K99FKEA;ERJ-3EKF4991V;;;;
CRGS0805J4R7;ERJ-P6WJ4R7V;;;;
JMK107BB7475KA-T;C1608X7S0J475K080AC;;;;
CRCW06036K19FKEA;RC0603FR-076K19L;;;;
ERJ-3EKF7501V;RC0603FR-077K5L;;;;
ERJ-14YJ7R5U;CRCW12107R50JNEA;;;;
RC0603FR-0710KL;CR0603-FX-1002ELF;;;;
CRCW060312K7FKEA;RC0603FR-0712K7L;;;;
CRCW060315K0FKEB;ERJ-3EKF1502V;;;;
ERJ3EKF2002V;RC0603FR-0720KL;;;;
ERJ-3EKF20R0V;CRCW060320R0FKEA;;;;
RC0603FR-0722KL;ERJ-3EKF2202V;;;;
CRCW060330R1FKEA;ERJ-3EKF30R1V;;;;
ERJ-3EKF4322V;CRCW060343K2FKEA;;;;
ERJ-3EKF47R0V;RC0603FR-0747RL;;;;
RC0603FR-0751RL;ERJ-3EKF51R0V;;;;
RC0603FR-0769R8L;ERJ-3EKF69R8V;;;;
RC0603FR-0775KL;ERJ-3EKF7502V;;;;
RC0603FR-07100KL;ERJ3EKF1003V;;;;
ERJ-PB3B1003V;RT0603BRD07100KL;;;;
RC0603FR-07120RL;ERJ3EKF1200V;;;;
ERJ-3EKF1503V;RC0603FR-07150KL;;;;
RT0603BRD07160KL;ERA-3AEB164V;;;;
CR0603-FX-1653ELF;RC0603FR-07165KL;;;;
CRCW0603200KFKEA;CR0603-FX-2003ELF;;;;
RCS0603220RJNEA;RC0603JR-13220RL;;;;
RC0603FR-07330RL;ERJ3EKF3300V;;;;
RC0603FR-07475RL;CRCW0603475RFKEA;;;;
RC0603FR-07549RL;ERJ-3EKF5490V;;;;
EEU-FR1V561;ESL477M025AH9AA;;;;
CRCW0603619RFKEA;RC0603FR-07619RL;;;;
LTST-C190KRKT;150060SS75000;;;;
LTST-C190KGKT;150060VS75000;;;;
961102-6404-AR;61300211121;;;;
M7581-05;60900213521;;;;
SRN5040-4R7M;74404054047;;;;
74404054150;SRN5040-150M;;;;
SRN5040-220M;74404054220;;;;
74404064470;NRS6045T470MMGK;;;;
434123025826;KMR421GLFS;;;;
PTRD-1C-12S-1-X;AZ2150-1C-12DE;;;;
06035C102KAT2A;885012206083;;;;
1210AA102KAT1A;885342009003;;;;
CGA3E1X7R1E105M080AE;885012206076;;;;
C0603C152F5GACTU;885012206084;;;;
CC0603KRX7R9BB222;885012206085;;;;
C1608X5R1C225M080AB;885012106018;;;;
TMK212AB7475KG-T;C2012X7R1E475K125AE;;;;
885012206089;C0603C103K5RACTU;;;;
VJ0603A100JXACW1BC;885012006051;;;;
TMK316AB7106KLHT;885012208069;;;;
885012208019;CL31B226MPHNNNE;;;;
VJ0603A330FXACW1BC;885012006054;;;;
C0603C563K5RACTU;VJ0603Y563KXAPW1BC;;;;
885012206095;06035C104KAT2A;;;;
885012006057;VJ0603A101FXACW1BC;;;;
885012006058;VJ0603A151FXACW1BC;;;;
C0603C224K3RACTU;885012206073;;;;
C1608X7R1H474K080AC;C1608X5R1H474K;;;;
885012006061;VJ0603A471FXACW1BC;;;;
RC0603JR-070RL;CR0603-J/-000ELF;;;;
MC33060AD;MC33060ADG;;;;
SDM2U30CSP-7;NSR20F30NXT5G;;;;
OPA2378AIDCNT;OPA2378AIDCNR;;;;
615008140621;RJHSE-5380;;;;
SI8238BB-D-IS1R;SI8238BB-D-IS1;;;;
Si8621AB-B-ISR;SI8621AB-B-IS;;;;
SMAJ16A;824500161;;;;
824500171;SMAJ17A;;;;
824501901;SMAJ90CA;;;;
TPS60403DBVR;TPS60403DBVT;;;;
TZMC18-GS08;TZMC18-GS18;;;;
REF1933AIDDCT;REF2033QDDCRQ1;;;;
M95M01-RMN6P;M95M01-DFMN6TP;;;;
W2A4YC103KAT2A;CKCL44X7R1E103M085AA;CA0508MRX7R8BB103;;;